size,seq_time,par_time,speedup
200,0.00031,0.00021,11.43
300,8.03382,0.11105,72.35
400,25.22037,0.15426,136.49
500,55.50209,0.23476,223.38
