size,seq_time,par_time,speedup
300,10.21164,0.24750,41.26
400,0.00177,0.00135,1.31
500,86.80643,0.94636,91.73
600,182.70945,1.23730,147.67
700,347.62352,2.16825,160.32
