size,seq_time,par_time,speedup
250,7.21129,0.05335,135.17
350,26.81764,0.11953,224.36
450,72.66866,0.23342,311.31
550,161.41941,0.40841,395.24
