size,seq_time,par_time,speedup
200,0.00031,0.00021,1.43
300,8.03382,0.11105,72.35
400,25.22037,0.15426,163.49
500,62.50209,0.25576,244.38
